Company ID,Company,Pay Group ID,Plan Year,Error ID
31566,PGT INNOVATIONS,01W0006351,2024,4
5051,SCIONHEALTH,01B0002910,2024,1
5073,PCC STRUCTURALS INC,01B0002090,2024,6
5073,PCC STRUCTURALS INC,01B0002090,2024,7
31725,ACMED,01B0006455,2024,10
6512,DAVIDS BRIDAL INC,01W0003209,2024,1
28623,WIDENER UNIVERSITY,01M0005713,2024,1
4229,CUSHMAN  WAKEFIELD,01B0001548,2024,6
4229,CUSHMAN  WAKEFIELD,01B0001548,2024,7
5671,THE WESTERN UNION COMPANY,01B0002449,2024,6
5671,THE WESTERN UNION COMPANY,01B0002449,2024,7
23474,NUVASIVE INC,01M0004572,2024,0
23474,NUVASIVE INC,01M0004572,2024,2
23474,NUVASIVE INC,01M0004572,2024,3
4229,CUSHMAN  WAKEFIELD,01W0001569,2024,1
4229,CUSHMAN  WAKEFIELD,01W0001569,2024,6
4229,CUSHMAN  WAKEFIELD,01W0001569,2024,7
23435,CAREOREGON INC,01B0004711,2024,6
23435,CAREOREGON INC,01B0004711,2024,7
5252,TCS,01B0002809,2024,6
5252,TCS,01B0002809,2024,7
27821,THE NEIL JONES FOOD COMPANY,01W0005891,2024,1
31654,OAK VIEW GROUP LLC,01B0006663,2024,1
31654,OAK VIEW GROUP LLC,01B0006761,2024,1
5291,CHEVRON STATIONS INC,01W0002969,2024,1
26856,JUBILANT PHARMA HOLDINGS INC,04W0005231,2024,1



